time, event, latitude,longitude,height,ax,ay,az,gx,gy,gz,mx,my,mz,pressure,temperature,altitude,humidity,l2_accel
2019-7-6-3-56-10-186464,,0.000000,0.000000,0.000000,0.000000,0.000000,0.000000,0.000000,0.000000,0.000000,0.000000,0.000000,0.000000,1001.598008,29.280000,95.385931,42.811523,0.000000 
2019-7-6-3-56-10-315204,,0.000000,0.000000,0.000000,-0.054117,0.753535,0.091772,0.003312,-0.000218,0.001792,67.218765,7.733401,-47.554348,1001.598008,29.280000,95.385931,42.811523,0.761029 
2019-7-6-3-56-10-416889,,0.000000,0.000000,0.000000,-0.054895,0.752819,0.092463,0.003158,0.000804,0.001002,70.098907,8.703936,-49.624878,1001.598008,29.280000,95.385931,42.811523,0.760460 
2019-7-6-3-56-10-521876,,0.000000,0.000000,0.000000,-0.054895,0.753177,0.095922,0.001351,-0.002779,-0.000322,71.982216,8.862093,-49.784477,1001.598008,29.280000,95.385931,42.811523,0.761242 
2019-7-6-3-56-10-627722,,0.000000,0.000000,0.000000,-0.052949,0.751566,0.094077,0.001763,-0.001140,0.001457,71.197189,7.810656,-50.484463,1001.598008,29.280000,95.385931,42.811523,0.759280 
2019-7-6-3-56-10-738195,,0.000000,0.000000,0.000000,-0.053338,0.753177,0.094769,0.000526,0.000988,0.001768,72.158836,9.034725,-50.921444,1001.669922,29.290000,94.781569,42.801758,0.760987 
2019-7-6-3-56-10-856367,,0.000000,0.000000,0.000000,-0.054895,0.750851,0.093847,0.000875,-0.001523,0.001593,71.564514,8.530924,-51.094177,1001.669922,29.290000,94.781569,42.801758,0.758681 
2019-7-6-3-56-10-957759,,0.000000,0.000000,0.000000,-0.053727,0.753893,0.094308,-0.000222,-0.002972,-0.000649,72.526855,8.772797,-49.815022,1001.669922,29.290000,94.781569,42.801758,0.761666 
2019-7-6-3-56-11-88440,,0.000000,0.000000,0.000000,-0.054311,0.753177,0.097536,-0.000921,-0.001376,-0.000711,73.583557,9.138595,-48.163078,1001.669922,29.290000,94.781569,42.801758,0.761406 
2019-7-6-3-56-11-195856,,0.000000,0.000000,0.000000,-0.054506,0.752282,0.093847,0.002212,-0.001181,-0.000725,72.979073,8.483443,-49.350239,1001.317266,29.090000,97.745610,43.096680,0.760070 
2019-7-6-3-56-11-296768,,0.000000,0.000000,0.000000,-0.054895,0.752819,0.095461,0.001076,0.000412,-0.000791,73.340454,8.316978,-49.019676,1001.317266,29.090000,97.745610,43.096680,0.760830 
2019-7-6-3-56-11-402419,,0.000000,0.000000,0.000000,-0.054117,0.753356,0.096383,-0.000519,0.000307,0.000100,73.422516,8.615301,-50.158886,1001.317266,29.090000,97.745610,43.096680,0.761422 
2019-7-6-3-56-11-502984,,0.000000,0.000000,0.000000,-0.053922,0.753356,0.093616,-0.000654,0.003545,0.000679,71.764763,9.061052,-49.313168,1001.317266,29.090000,97.745610,43.096680,0.761063 
2019-7-6-3-56-11-604052,,0.000000,0.000000,0.000000,-0.054311,0.752998,0.092233,-0.000119,0.000915,0.001741,72.936653,8.389888,-49.443707,1001.317266,29.090000,97.745610,43.096680,0.760567 
2019-7-6-3-56-11-740275,,0.000000,0.000000,0.000000,-0.052365,0.751745,0.096383,0.000446,-0.000080,0.000549,72.502464,8.513988,-50.534321,1001.661523,29.280000,94.852147,42.947266,0.759706 
2019-7-6-3-56-11-853774,,0.000000,0.000000,0.000000,-0.054506,0.753893,0.093616,-0.000585,-0.000064,-0.000088,71.818016,8.268691,-50.827717,1001.661523,29.280000,94.852147,42.947266,0.761636 
2019-7-6-3-56-11-958796,,0.000000,0.000000,0.000000,-0.055479,0.752998,0.094077,-0.000661,-0.000522,0.000469,71.198677,8.048139,-50.244949,1001.661523,29.280000,94.852147,42.947266,0.760877 
2019-7-6-3-56-12-107234,,0.000000,0.000000,0.000000,-0.055090,0.752461,0.089466,0.000387,-0.002065,-0.001589,71.437660,9.127040,-50.954769,1001.661523,29.280000,94.852147,42.947266,0.759761 
2019-7-6-3-56-12-247021,,0.000000,0.000000,0.000000,-0.052949,0.751924,0.099150,-0.002635,0.007374,0.003063,71.526878,9.116110,-50.655083,1001.641562,29.240000,95.019895,43.177734,0.760279 
2019-7-6-3-56-12-347516,,0.000000,0.000000,0.000000,-0.058205,0.753714,0.091541,0.000937,0.006068,-0.000660,71.158371,8.437449,-50.889126,1001.641562,29.240000,95.019895,43.177734,0.761480 
2019-7-6-3-56-12-451490,,0.000000,0.000000,0.000000,-0.056453,0.753177,0.089696,0.000356,-0.004314,-0.002243,71.991608,8.534138,-50.613922,1001.641562,29.240000,95.019895,43.177734,0.760597 
2019-7-6-3-56-12-568793,,0.000000,0.000000,0.000000,-0.053338,0.755682,0.086007,0.002263,-0.012652,-0.002282,72.155754,7.909014,-50.714458,1001.641562,29.240000,95.019895,43.177734,0.762429 
2019-7-6-3-56-12-675539,,0.000000,0.000000,0.000000,-0.053143,0.754430,0.094308,-0.000331,-0.015046,-0.000995,71.688622,9.361567,-50.952312,1001.641562,29.240000,95.019895,43.177734,0.762156 
2019-7-6-3-56-12-776430,,0.000000,0.000000,0.000000,-0.050613,0.750493,0.096614,-0.000524,0.000574,0.002776,71.641602,9.116512,-50.712006,1001.639023,29.250000,95.041233,42.911133,0.758377 
2019-7-6-3-56-12-878011,,0.000000,0.000000,0.000000,-0.050807,0.756577,0.096153,-0.000313,0.002636,0.002526,72.662674,8.759571,-50.697334,1001.639023,29.250000,95.041233,42.911133,0.764353 
2019-7-6-3-56-12-978723,,0.000000,0.000000,0.000000,-0.051781,0.749061,0.089927,-0.001161,0.004435,0.003597,71.683701,8.951801,-50.461498,1001.639023,29.250000,95.041233,42.911133,0.756215 
2019-7-6-3-56-13-111080,,0.000000,0.000000,0.000000,-0.051586,0.755145,0.091541,0.000259,-0.008449,-0.002156,71.822487,8.486570,-50.262554,1001.639023,29.250000,95.041233,42.911133,0.762421 
2019-7-6-3-56-13-211434,,0.000000,0.000000,0.000000,-0.051002,0.753177,0.093847,-0.004248,0.012799,0.003082,72.957596,8.889361,-48.436516,1001.639023,29.250000,95.041233,42.911133,0.760713 
2019-7-6-3-56-13-312535,,0.000000,0.000000,0.000000,-0.054311,0.753714,0.095922,-0.003822,0.007800,0.004208,74.470955,8.615337,-48.213657,1001.608984,29.270000,95.293682,43.114258,0.761732 
2019-7-6-3-56-13-412906,,0.000000,0.000000,0.000000,-0.053143,0.754787,0.095230,-0.000781,0.001593,0.001070,72.800613,8.749445,-49.363358,1001.608984,29.270000,95.293682,43.114258,0.762625 
2019-7-6-3-56-13-513902,,0.000000,0.000000,0.000000,-0.054506,0.755503,0.088313,0.001815,-0.002193,-0.003157,71.927879,8.496497,-49.828320,1001.608984,29.270000,95.293682,43.114258,0.762598 
2019-7-6-3-56-13-615240,,0.000000,0.000000,0.000000,-0.054117,0.752103,0.094077,0.003551,-0.004890,-0.002226,72.332611,9.085294,-49.722012,1001.608984,29.270000,95.293682,43.114258,0.759894 
2019-7-6-3-56-13-715458,,0.000000,0.000000,0.000000,-0.057231,0.755145,0.090619,0.006143,-0.006206,-0.003251,72.441933,8.554630,-49.650970,1001.608984,29.270000,95.293682,43.114258,0.762713 
2019-7-6-3-56-13-815970,,0.000000,0.000000,0.000000,-0.051586,0.755682,0.101225,-0.002144,0.013891,0.003373,72.970291,8.193333,-49.205013,1001.469687,29.170000,96.464416,43.260742,0.764175 
2019-7-6-3-56-13-935288,,0.000000,0.000000,0.000000,-0.052754,0.757293,0.098228,0.003032,-0.012875,-0.003379,72.444801,8.070058,-50.587692,1001.469687,29.170000,96.464416,43.260742,0.765457 
2019-7-6-3-56-14-114482,,0.000000,0.000000,0.000000,-0.054117,0.751745,0.092463,-0.001785,-0.001495,-0.002239,71.906944,7.820936,-50.724010,1001.469687,29.170000,96.464416,43.260742,0.759341 
2019-7-6-3-56-14-235788,,0.000000,0.000000,0.000000,-0.053533,0.751387,0.089927,0.001877,0.001029,0.000317,71.819328,8.690541,-50.158344,1001.469687,29.170000,96.464416,43.260742,0.758641 
2019-7-6-3-56-14-344347,,0.000000,0.000000,0.000000,-0.052949,0.753714,0.094308,0.001331,0.003515,-0.000856,71.595261,8.462855,-50.176777,1001.636523,29.270000,95.062243,42.576172,0.761434 
2019-7-6-3-56-14-445879,,0.000000,0.000000,0.000000,-0.055090,0.755145,0.094539,0.000290,-0.000198,0.000115,71.117363,8.942623,-50.953091,1001.636523,29.270000,95.062243,42.576172,0.763031 
2019-7-6-3-56-14-550515,,0.000000,0.000000,0.000000,-0.060735,0.753714,0.083240,0.006737,-0.007526,0.001078,71.592117,8.421994,-50.460167,1001.636523,29.270000,95.062243,42.576172,0.760725 
2019-7-6-3-56-14-654746,,0.000000,0.000000,0.000000,-0.058010,0.754787,0.086699,0.007529,-0.014901,-0.010134,72.030602,8.610123,-50.367546,1001.636523,29.270000,95.062243,42.576172,0.761962 
2019-7-6-3-56-14-763974,,0.000000,0.000000,0.000000,-0.050807,0.754966,0.092694,0.003402,-0.012794,-0.001959,70.985062,8.277884,-50.854336,1001.636523,29.270000,95.062243,42.576172,0.762330 
2019-7-6-3-56-14-864894,,0.000000,0.000000,0.000000,-0.058789,0.751745,0.092924,-0.002338,0.007204,0.001404,71.057892,8.530739,-50.735027,1001.642422,29.290000,95.012673,42.858398,0.759745 
2019-7-6-3-56-14-965190,,0.000000,0.000000,0.000000,-0.053922,0.753177,0.094769,-0.000211,-0.004988,-0.001859,72.559013,9.100766,-50.710323,1001.642422,29.290000,95.012673,42.858398,0.761028 
2019-7-6-3-56-15-65465,,0.000000,0.000000,0.000000,-0.051975,0.753714,0.095230,-0.000861,-0.003762,-0.000205,71.943428,9.003832,-50.167171,1001.642422,29.290000,95.012673,42.858398,0.761482 
2019-7-6-3-56-15-219330,,0.000000,0.000000,0.000000,-0.054117,0.753714,0.095691,-0.000777,0.005169,0.001359,73.066307,7.836884,-50.734306,1001.642422,29.290000,95.012673,42.858398,0.761689 
2019-7-6-3-56-15-319353,,0.000000,0.000000,0.000000,-0.052170,0.753535,0.094308,-0.000777,0.002510,0.001891,71.290009,8.544067,-50.258129,1001.642422,29.290000,95.012673,42.858398,0.761203 
2019-7-6-3-56-15-419721,,0.000000,0.000000,0.000000,-0.055285,0.752819,0.093386,0.000287,0.001447,-0.000769,73.497726,8.926827,-48.491375,1001.686484,29.300000,94.642383,43.285156,0.760601 
2019-7-6-3-56-15-520754,,0.000000,0.000000,0.000000,-0.052365,0.753714,0.095000,-0.000245,0.001447,0.000827,73.844925,8.283174,-47.253967,1001.686484,29.300000,94.642383,43.285156,0.761480 
2019-7-6-3-56-15-628189,,0.000000,0.000000,0.000000,-0.052559,0.754251,0.095000,0.000287,0.002511,0.000295,72.700905,8.914429,-48.786991,1001.686484,29.300000,94.642383,43.285156,0.762025 
2019-7-6-3-56-15-728544,,0.000000,0.000000,0.000000,-0.054506,0.754608,0.092924,-0.000245,0.000914,-0.000237,72.871536,8.585132,-49.485008,1001.686484,29.300000,94.642383,43.285156,0.762260 
2019-7-6-3-56-15-828930,,0.000000,0.000000,0.000000,-0.052754,0.753714,0.094077,-0.002905,-0.000682,0.000295,72.199646,8.630865,-49.076248,1001.686484,29.300000,94.642383,43.285156,0.761392 
2019-7-6-3-56-15-929842,,0.000000,0.000000,0.000000,-0.049639,0.752640,0.093155,-0.002905,-0.000149,0.004020,73.298615,9.691940,-49.702465,991.774961,23.390000,178.270462,42.101562,0.760006 
2019-7-6-3-56-16-33738,,0.000000,0.000000,0.000000,-0.058594,0.753356,0.093386,-0.002906,-0.001743,0.000830,72.624382,9.440907,-49.413174,991.774961,23.390000,178.270462,42.101562,0.761380 
2019-7-6-3-56-16-180728,,0.000000,0.000000,0.000000,-0.056842,0.753356,0.094769,-0.003436,0.010492,0.002424,71.059677,8.840051,-51.341248,991.774961,23.390000,178.270462,42.101562,0.761418 
2019-7-6-3-56-16-285566,,0.000000,0.000000,0.000000,-0.052559,0.751745,0.093616,-0.003436,0.006235,0.002423,71.713486,8.484840,-50.913097,991.774961,23.390000,178.270462,42.101562,0.759373 
2019-7-6-3-56-16-386668,,0.000000,0.000000,0.000000,-0.053338,0.753714,0.094539,0.001353,-0.003873,-0.002897,71.338409,8.538533,-50.497829,1001.670781,29.340000,94.774347,42.325195,0.761490 
2019-7-6-3-56-16-502957,,0.000000,0.000000,0.000000,-0.058983,0.754430,0.089696,0.001885,-0.002809,-0.001300,71.506523,9.270897,-50.376591,1001.670781,29.340000,94.774347,42.325195,0.762029 
2019-7-6-3-56-16-608985,,0.000000,0.000000,0.000000,-0.053533,0.753893,0.093386,0.005077,-0.006534,-0.003961,72.139565,6.433639,-49.544636,1001.670781,29.340000,94.774347,42.325195,0.761538 
2019-7-6-3-56-16-710172,,0.000000,0.000000,0.000000,-0.056063,0.753177,0.093616,0.002417,-0.001747,-0.000236,70.670242,8.076964,-50.499207,1001.670781,29.340000,94.774347,42.325195,0.761040 
2019-7-6-3-56-16-814442,,0.000000,0.000000,0.000000,-0.054701,0.753893,0.093155,0.002949,-0.004939,-0.002364,71.638908,8.684984,-50.557171,1001.670781,29.340000,94.774347,42.325195,0.761593 
2019-7-6-3-56-16-915120,,0.000000,0.000000,0.000000,-0.053143,0.753177,0.097767,-0.003436,0.007832,0.002956,71.995659,8.887323,-49.999031,1001.684805,29.360000,94.656499,43.112305,0.761353 
2019-7-6-3-56-17-31414,,0.000000,0.000000,0.000000,-0.054311,0.752640,0.091310,-0.002371,-0.006535,-0.000767,71.398422,8.383928,-49.805317,1001.684805,29.360000,94.656499,43.112305,0.760102 
2019-7-6-3-56-17-132120,,0.000000,0.000000,0.000000,-0.052559,0.752640,0.095461,-0.000775,0.002512,0.000297,71.693153,8.094349,-50.383045,1001.684805,29.360000,94.656499,43.112305,0.760488 
2019-7-6-3-56-17-237603,,0.000000,0.000000,0.000000,-0.051586,0.751566,0.092233,0.000821,-0.004938,-0.000767,71.660202,7.814681,-50.837322,1001.684805,29.360000,94.656499,43.112305,0.758960 
2019-7-6-3-56-17-342890,,0.000000,0.000000,0.000000,-0.053533,0.751030,0.093616,-0.002904,-0.000148,0.000830,71.768211,8.376982,-50.533325,1001.684805,29.360000,94.656499,43.112305,0.758733 
2019-7-6-3-56-17-444308,,0.000000,0.000000,0.000000,-0.053533,0.754430,0.089927,0.000289,-0.006002,-0.002895,70.853439,8.583620,-51.147186,1001.773281,29.380000,93.913003,43.024414,0.761654 
2019-7-6-3-56-17-556835,,0.000000,0.000000,0.000000,-0.053338,0.753535,0.091080,-0.000775,0.004109,0.001893,71.834000,9.102216,-50.563633,1001.773281,29.380000,93.913003,43.024414,0.760891 
2019-7-6-3-56-17-662115,,0.000000,0.000000,0.000000,-0.053727,0.754608,0.092694,-0.001839,0.006237,0.002957,73.249100,9.208075,-49.817219,1001.773281,29.380000,93.913003,43.024414,0.762176 
2019-7-6-3-56-17-769554,,0.000000,0.000000,0.000000,-0.054506,0.754251,0.093616,0.000289,0.003576,-0.000767,73.388313,8.073838,-47.882294,1001.773281,29.380000,93.913003,43.024414,0.761990 
2019-7-6-3-56-17-869936,,0.000000,0.000000,0.000000,-0.057231,0.756398,0.086929,0.000821,-0.001213,-0.000766,73.011742,8.120886,-49.298325,1001.773281,29.380000,93.913003,43.024414,0.763525 
2019-7-6-3-56-17-970122,,0.000000,0.000000,0.000000,-0.056258,0.753714,0.092233,0.002417,-0.003342,-0.001299,72.051216,8.899430,-49.278107,1001.599766,29.380000,95.371158,43.863281,0.761417 
2019-7-6-3-56-18-71097,,0.000000,0.000000,0.000000,-0.055285,0.748882,0.093155,0.002950,0.000382,-0.002896,72.394737,9.130468,-48.604408,1001.599766,29.380000,95.371158,43.863281,0.756676 
2019-7-6-3-56-18-171665,,0.000000,0.000000,0.000000,-0.052949,0.754072,0.091080,-0.001839,-0.001214,-0.001300,73.561775,7.841566,-48.451546,1001.599766,29.380000,95.371158,43.863281,0.761395 
2019-7-6-3-56-18-272634,,0.000000,0.000000,0.000000,-0.058983,0.752640,0.092924,0.002418,-0.001746,-0.001299,72.675095,8.750496,-49.814877,1001.599766,29.380000,95.371158,43.863281,0.760645 
2019-7-6-3-56-18-373795,,0.000000,0.000000,0.000000,-0.052754,0.753714,0.096614,0.000291,-0.006535,-0.003428,72.005516,8.458002,-50.716908,1001.599766,29.380000,95.371158,43.863281,0.761710 
2019-7-6-3-56-18-475120,,0.000000,0.000000,0.000000,-0.053338,0.749956,0.096844,-0.003434,0.007301,0.005086,71.506866,7.686800,-50.418308,1001.679766,29.390000,94.698845,43.225586,0.758062 
2019-7-6-3-56-18-592149,,0.000000,0.000000,0.000000,-0.055674,0.754251,0.093616,0.000823,-0.002809,-0.000236,71.037621,9.195775,-51.527309,1001.679766,29.390000,94.698845,43.225586,0.762074 
2019-7-6-3-56-18-697532,,0.000000,0.000000,0.000000,-0.051781,0.753535,0.095000,-0.001305,-0.000680,-0.000767,71.094391,9.268934,-50.838448,1001.679766,29.390000,94.698845,43.225586,0.761263 
2019-7-6-3-56-18-807953,,0.000000,0.000000,0.000000,-0.053533,0.753535,0.091541,0.000823,0.000916,0.000829,71.450119,8.937926,-51.215881,1001.679766,29.390000,94.698845,43.225586,0.760960 
2019-7-6-3-56-18-923415,,0.000000,0.000000,0.000000,-0.056842,0.751745,0.094539,0.001355,0.001980,-0.000767,71.355957,8.263899,-51.049900,1001.679766,29.390000,94.698845,43.225586,0.759796 
2019-7-6-3-56-19-55471,,0.000000,0.000000,0.000000,-0.060151,0.751924,0.099611,-0.002370,-0.003341,-0.006087,72.121170,8.804440,-50.608501,1001.641602,29.400000,95.019567,43.115234,0.760875 
2019-7-6-3-56-19-203429,,0.000000,0.000000,0.000000,-0.055479,0.755682,0.094308,-0.001305,-0.001745,-0.001831,72.009270,8.311321,-50.365242,1001.641602,29.400000,95.019567,43.115234,0.763562 
2019-7-6-3-56-19-307988,,0.000000,0.000000,0.000000,-0.048277,0.754787,0.088543,0.000291,0.000915,0.002958,71.647903,8.685529,-51.289627,1001.641602,29.400000,95.019567,43.115234,0.761495 
2019-7-6-3-56-19-414152,,0.000000,0.000000,0.000000,-0.060346,0.757114,0.094539,0.001355,-0.001744,-0.000233,70.732147,8.968229,-50.166786,1001.641602,29.400000,95.019567,43.115234,0.765376 
2019-7-6-3-56-19-514398,,0.000000,0.000000,0.000000,-0.049250,0.752640,0.089466,-0.002370,0.002513,0.002426,71.219261,9.000901,-50.686623,1001.630625,29.410000,95.111813,42.914062,0.759537 
2019-7-6-3-56-19-630040,,0.000000,0.000000,0.000000,-0.047887,0.752998,0.098458,-0.005562,0.006769,0.005086,71.257439,9.583914,-50.458996,1001.630625,29.410000,95.111813,42.914062,0.760916 
2019-7-6-3-56-19-742410,,0.000000,0.000000,0.000000,-0.110569,0.742977,0.070327,0.022085,0.026974,-0.012440,71.411438,8.387973,-50.673050,1001.630625,29.410000,95.111813,42.914062,0.754444 
2019-7-6-3-56-19-843821,,0.000000,0.000000,0.000000,-0.056063,0.742082,0.098228,-0.030057,0.007827,-0.011932,71.923065,9.683440,-50.269756,1001.630625,29.410000,95.111813,42.914062,0.750652 
2019-7-6-3-56-20-10034,,0.000000,0.000000,0.000000,-0.062877,0.748882,0.084393,0.004521,0.017922,-0.042780,72.652473,9.288030,-49.014519,1001.630625,29.410000,95.111813,42.914062,0.756241 
2019-7-6-3-56-20-224087,,0.000000,0.000000,0.000000,-0.148334,0.757293,0.054417,-0.007186,0.147223,-0.009785,73.532585,7.380832,-50.225014,1001.655625,29.430000,94.901716,43.431641,0.773600 
2019-7-6-3-56-20-328328,,0.000000,0.000000,0.000000,-0.073389,0.755861,0.049114,-0.064654,0.646877,0.032252,70.502487,9.193274,-49.172001,1001.655625,29.430000,94.901716,43.431641,0.761002 
2019-7-6-3-56-20-429093,,0.000000,0.000000,0.000000,-0.094412,0.755682,0.050036,-0.007187,-0.139050,0.017354,71.727936,8.678180,-49.620525,1001.655625,29.430000,94.901716,43.431641,0.763199 
2019-7-6-3-56-20-529773,,0.000000,0.000000,0.000000,-0.055479,0.756040,0.073556,-0.003460,0.038173,0.044471,72.270493,8.044541,-49.604843,1001.655625,29.430000,94.901716,43.431641,0.761633 
2019-7-6-3-56-20-654899,,0.000000,0.000000,0.000000,-0.055869,0.750135,0.072403,-0.013024,-0.046431,0.038580,72.586357,7.886187,-49.568092,1001.589961,29.440000,95.453558,42.849609,0.755689 
2019-7-6-3-56-20-755034,,0.000000,0.000000,0.000000,-0.061514,0.754251,0.063410,0.011448,0.003583,-0.007187,71.353424,9.095156,-49.596046,1001.589961,29.440000,95.453558,42.849609,0.759407 
2019-7-6-3-56-20-856233,,0.000000,0.000000,0.000000,-0.059762,0.753356,0.072864,0.008252,0.020082,-0.031642,71.786362,7.823112,-49.833267,1001.589961,29.440000,95.453558,42.849609,0.759227 
2019-7-6-3-56-20-956898,,0.000000,0.000000,0.000000,-0.064823,0.754251,0.070097,0.009841,0.014222,-0.033192,70.655594,8.094448,-50.615234,1001.589961,29.440000,95.453558,42.849609,0.760269 
2019-7-6-3-56-21-57762,,0.000000,0.000000,0.000000,-0.064434,0.752461,0.075170,-0.003461,-0.002273,-0.025714,71.123398,8.643064,-50.523663,1001.589961,29.440000,95.453558,42.849609,0.758947 
2019-7-6-3-56-21-249433,,0.000000,0.000000,0.000000,-0.067938,0.751208,0.070327,-0.001865,0.000387,-0.007616,71.166473,8.604824,-50.412285,1001.623047,29.460000,95.175500,43.130859,0.757546 
2019-7-6-3-56-21-433291,,0.000000,0.000000,0.000000,-0.066575,0.751745,0.070558,-0.001865,-0.001738,-0.007081,70.156586,9.456063,-50.892101,1001.623047,29.460000,95.175500,43.130859,0.757979 
2019-7-6-3-56-21-538751,,0.000000,0.000000,0.000000,-0.068717,0.753714,0.070558,0.001326,-0.006527,-0.009207,71.504013,8.809354,-50.310043,1001.623047,29.460000,95.175500,43.130859,0.760122 
2019-7-6-3-56-21-639534,,0.000000,0.000000,0.000000,-0.063655,0.757114,0.070789,0.001863,0.003582,0.001433,71.188560,7.873243,-51.054062,1001.620508,29.470000,95.196838,42.886719,0.763075 
2019-7-6-3-56-21-740687,,0.000000,0.000000,0.000000,-0.070079,0.750851,0.073094,0.007711,0.008902,-0.004407,70.560181,8.852859,-50.644100,1001.620508,29.470000,95.196838,42.886719,0.757648 
2019-7-6-3-56-21-842069,,0.000000,0.000000,0.000000,-0.065602,0.753356,0.075170,-0.008784,0.003584,0.021122,70.602219,8.018729,-50.203918,1001.620508,29.470000,95.196838,42.886719,0.759934 
2019-7-6-3-56-21-943683,,0.000000,0.000000,0.000000,-0.063850,0.753714,0.074939,-0.002399,0.001990,0.007287,72.388611,7.586056,-50.155273,1001.620508,29.470000,95.196838,42.886719,0.760116 
2019-7-6-3-56-22-44738,,0.000000,0.000000,0.000000,-0.066381,0.751745,0.072633,-0.000801,0.004117,-0.014518,70.834595,8.246135,-49.491703,1001.620508,29.470000,95.196838,42.886719,0.758158 
2019-7-6-3-56-22-248960,,0.000000,0.000000,0.000000,-0.070079,0.752103,0.068944,0.001859,-0.005995,0.001979,72.151321,8.460315,-48.133301,1001.620508,29.470000,95.196838,42.886719,0.758501 
2019-7-6-3-56-22-349585,,0.000000,0.000000,0.000000,-0.065602,0.754608,0.069866,-0.001336,-0.007591,-0.005468,71.034210,8.403114,-49.788231,1001.683984,29.480000,94.663392,42.303711,0.760670 
2019-7-6-3-56-22-450417,,0.000000,0.000000,0.000000,-0.069885,0.753177,0.069175,0.001324,-0.007591,0.002516,71.495926,8.423094,-49.700264,1001.683984,29.480000,94.663392,42.303711,0.759569 
2019-7-6-3-56-22-551194,,0.000000,0.000000,0.000000,-0.067938,0.752640,0.071019,-0.002929,-0.002801,-0.011324,71.872879,8.632271,-49.536385,1001.683984,29.480000,94.663392,42.303711,0.759030 
2019-7-6-3-56-22-651634,,0.000000,0.000000,0.000000,-0.070469,0.754251,0.071250,-0.000801,-0.000672,-0.005470,71.659401,9.177045,-49.084267,1001.683984,29.480000,94.663392,42.303711,0.760879 
2019-7-6-3-56-22-751767,,0.000000,0.000000,0.000000,-0.069690,0.752640,0.065716,-0.002397,0.000393,-0.004406,72.264046,8.125179,-50.139553,1001.683984,29.480000,94.663392,42.303711,0.758711 
2019-7-6-3-56-22-894034,,0.000000,0.000000,0.000000,-0.065797,0.754251,0.070558,-0.003460,0.005715,0.000383,70.865356,8.197465,-50.842293,1001.689883,29.500000,94.613824,43.292969,0.760396 
2019-7-6-3-56-22-994496,,0.000000,0.000000,0.000000,-0.068133,0.753893,0.067791,0.000264,-0.005458,0.001981,71.126633,8.164172,-51.320023,1001.689883,29.500000,94.613824,43.292969,0.759995 
2019-7-6-3-56-23-98552,,0.000000,0.000000,0.000000,-0.073194,0.746735,0.063179,-0.001334,-0.042167,-0.005464,70.657486,8.243177,-51.331921,1001.689883,29.500000,94.613824,43.292969,0.752969 
2019-7-6-3-56-23-268036,,0.000000,0.000000,0.000000,-0.050613,0.747272,0.094769,-0.017292,0.021687,0.025391,70.542068,9.155676,-51.164669,1001.689883,29.500000,94.613824,43.292969,0.754956 
2019-7-6-3-56-23-447449,,0.000000,0.000000,0.000000,-0.078644,0.757293,0.060643,0.007182,0.011565,-0.007595,70.686646,7.887436,-50.518032,995.722422,25.930000,144.883186,42.685547,0.763777 
2019-7-6-3-56-23-547458,,0.000000,0.000000,0.000000,-0.077282,0.753356,0.065485,0.002394,0.011036,-0.008660,71.416649,9.307145,-50.653423,995.722422,25.930000,144.883186,42.685547,0.760135 
2019-7-6-3-56-23-648718,,0.000000,0.000000,0.000000,-0.068522,0.754787,0.067791,-0.002394,0.030198,-0.003871,70.270203,7.761831,-50.765194,995.722422,25.930000,144.883186,42.685547,0.760917 
2019-7-6-3-56-23-748715,,0.000000,0.000000,0.000000,-0.070469,0.751387,0.072172,0.002926,0.008917,-0.001209,70.311272,7.976295,-50.374245,995.722422,25.930000,144.883186,42.685547,0.758128 
2019-7-6-3-56-23-849600,,0.000000,0.000000,0.000000,-0.070858,0.753356,0.068944,0.003459,-0.000129,-0.009723,71.445984,8.664098,-50.269970,995.722422,25.930000,144.883186,42.685547,0.759815 
2019-7-6-3-56-23-950587,,0.000000,0.000000,0.000000,-0.060151,0.753177,0.068483,0.001864,-0.007048,0.001449,71.981613,8.314091,-49.926235,996.719609,26.490000,136.466021,42.582031,0.758672 
2019-7-6-3-56-24-51173,,0.000000,0.000000,0.000000,-0.075335,0.752640,0.073325,0.000268,-0.000133,-0.001209,71.710144,7.994719,-49.824001,996.719609,26.490000,136.466021,42.582031,0.759947 
2019-7-6-3-56-24-267021,,0.000000,0.000000,0.000000,-0.065797,0.752461,0.069405,0.001332,0.016896,-0.005468,71.753441,8.580094,-49.437626,996.719609,26.490000,136.466021,42.582031,0.758514 
2019-7-6-3-56-24-367125,,0.000000,0.000000,0.000000,-0.070663,0.752103,0.075400,-0.000264,0.007319,0.001453,72.737045,8.336333,-47.578884,996.719609,26.490000,136.466021,42.582031,0.759169 
2019-7-6-3-56-24-475579,,0.000000,0.000000,0.000000,-0.065602,0.763556,0.076323,-0.004521,0.002533,0.000388,72.650162,8.928824,-47.962261,1001.657266,29.530000,94.887929,42.993164,0.770160 
2019-7-6-3-56-24-576788,,0.000000,0.000000,0.000000,-0.065991,0.754430,0.071250,-0.005586,-0.002254,0.005178,70.936646,9.557729,-50.195602,1001.657266,29.530000,94.887929,42.993164,0.760655 
2019-7-6-3-56-24-677656,,0.000000,0.000000,0.000000,-0.064823,0.756040,0.071942,-0.003989,-0.017684,0.001985,71.275917,8.631331,-50.397621,1001.657266,29.530000,94.887929,42.993164,0.762217 
2019-7-6-3-56-24-790418,,0.000000,0.000000,0.000000,-0.067159,0.752103,0.071942,0.000269,-0.015555,-0.001207,70.748917,7.601415,-50.358776,1001.657266,29.530000,94.887929,42.993164,0.758515 
2019-7-6-3-56-24-895774,,0.000000,0.000000,0.000000,-0.072415,0.752819,0.070789,0.002930,-0.019282,-0.005463,70.938599,8.010531,-50.765820,1001.657266,29.530000,94.887929,42.993164,0.759600 
2019-7-6-3-56-24-996036,,0.000000,0.000000,0.000000,-0.069106,0.753356,0.069175,-0.000795,0.013174,0.000389,70.526505,8.767696,-50.218941,1001.654727,29.540000,94.909266,42.658203,0.759675 
2019-7-6-3-56-25-110629,,0.000000,0.000000,0.000000,-0.069106,0.754430,0.074017,-0.002391,-0.003321,0.000390,69.613533,8.123661,-49.578487,1001.654727,29.540000,94.909266,42.658203,0.761195 
2019-7-6-3-56-25-280594,,0.000000,0.000000,0.000000,-0.065213,0.753535,0.073556,0.001334,-0.005978,-0.001207,70.393425,7.961092,-49.928356,1001.654727,29.540000,94.909266,42.658203,0.759920 
2019-7-6-3-56-25-438403,,0.000000,0.000000,0.000000,-0.069885,0.757829,0.078167,-0.002389,0.020094,0.006776,71.347404,8.033937,-50.768856,1001.654727,29.540000,94.909266,42.658203,0.765049 
2019-7-6-3-56-25-568926,,0.000000,0.000000,0.000000,-0.073194,0.753893,0.069866,0.000803,0.020624,-0.003334,71.377678,8.159229,-49.725925,1001.669062,29.570000,94.788791,42.727539,0.760653 
2019-7-6-3-56-25-673846,,0.000000,0.000000,0.000000,-0.066965,0.753893,0.067791,0.001334,0.015837,0.000390,70.782562,8.312206,-50.703789,1001.669062,29.570000,94.788791,42.727539,0.759891 
2019-7-6-3-56-25-774520,,0.000000,0.000000,0.000000,-0.067549,0.746914,0.075400,-0.001325,0.000939,-0.005461,70.900017,8.608212,-50.611565,1001.669062,29.570000,94.788791,42.727539,0.753743 
2019-7-6-3-56-25-874572,,0.000000,0.000000,0.000000,-0.058399,0.753893,0.086007,-0.006647,0.011047,0.002518,70.441231,8.302182,-50.622120,1001.669062,29.570000,94.788791,42.727539,0.761027 
2019-7-6-3-56-25-977970,,0.000000,0.000000,0.000000,-0.058983,0.749419,0.084162,-0.007179,0.023288,0.013693,71.160248,8.278831,-49.898483,1001.669062,29.570000,94.788791,42.727539,0.756433 
2019-7-6-3-56-26-78576,,0.000000,0.000000,0.000000,-0.063266,0.758008,0.077014,-0.011969,-0.015551,0.009438,72.435616,9.308434,-48.262371,1001.605586,29.560000,95.322243,43.198242,0.764533 
2019-7-6-3-56-26-281306,,0.000000,0.000000,0.000000,-0.075724,0.749598,0.064563,0.005059,-0.012372,-0.004929,72.640724,9.317073,-48.866573,1001.605586,29.560000,95.322243,43.198242,0.756174 
2019-7-6-3-56-26-382289,,0.000000,0.000000,0.000000,-0.087794,0.760156,0.059260,-0.035373,-0.400290,-0.016111,73.362930,7.541699,-49.434387,1001.605586,29.560000,95.322243,43.198242,0.767500 
2019-7-6-3-56-26-483359,,0.000000,0.000000,0.000000,-0.057815,0.754608,0.074247,0.014113,-0.323133,-0.018240,73.260597,8.511645,-48.308804,1001.605586,29.560000,95.322243,43.198242,0.760453 
2019-7-6-3-56-26-588200,,0.000000,0.000000,0.000000,-0.067354,0.752282,0.073094,0.006127,0.095123,-0.003339,73.102783,9.045197,-47.524494,1001.630547,29.580000,95.112470,42.571289,0.758820 
2019-7-6-3-56-26-688298,,0.000000,0.000000,0.000000,-0.066186,0.751924,0.078167,-0.013563,-0.054930,0.000921,72.650459,8.267520,-48.582119,1001.630547,29.580000,95.112470,42.571289,0.758868 
2019-7-6-3-56-26-788703,,0.000000,0.000000,0.000000,-0.073389,0.751208,0.070558,-0.000793,-0.016625,0.000922,71.679893,8.473710,-49.296547,1001.630547,29.580000,95.112470,42.571289,0.758076 
2019-7-6-3-56-26-889804,,0.000000,0.000000,0.000000,-0.069301,0.752640,0.072864,0.001869,0.012111,-0.000675,71.541649,8.569770,-49.158848,1001.630547,29.580000,95.112470,42.571289,0.759328 
2019-7-6-3-56-26-990533,,0.000000,0.000000,0.000000,-0.067159,0.752461,0.072403,-0.003984,0.002537,0.003050,72.595528,8.429298,-49.210594,1001.630547,29.580000,95.112470,42.571289,0.758914 
2019-7-6-3-56-27-91176,,0.000000,0.000000,0.000000,-0.068522,0.751208,0.074478,-0.000791,-0.009702,0.001454,72.027267,8.493876,-49.297577,1002.189531,29.580000,90.415841,42.863281,0.757995 
2019-7-6-3-56-27-280391,,0.000000,0.000000,0.000000,-0.069885,0.752819,0.071480,0.000805,0.006791,-0.001207,71.478935,9.061987,-49.629906,1002.189531,29.580000,90.415841,42.863281,0.759427 
2019-7-6-3-56-27-380463,,0.000000,0.000000,0.000000,-0.071053,0.753893,0.071942,0.000273,0.002003,-0.000675,71.050949,8.386071,-49.488426,1002.189531,29.580000,90.415841,42.863281,0.760643 
2019-7-6-3-56-27-497651,,0.000000,0.000000,0.000000,-0.068717,0.752282,0.077706,0.003465,0.002003,-0.001207,70.569588,8.200196,-50.212151,1002.189531,29.580000,90.415841,42.863281,0.759400 
2019-7-6-3-56-27-609291,,0.000000,0.000000,0.000000,-0.067938,0.752819,0.073556,0.000804,0.006794,0.003582,70.197723,8.475190,-50.586380,1001.608945,29.600000,95.294010,42.954102,0.759449 
2019-7-6-3-56-27-726762,,0.000000,0.000000,0.000000,-0.073778,0.755861,0.066638,0.001867,0.003070,-0.005462,70.129761,8.280349,-50.529762,1001.608945,29.600000,95.294010,42.954102,0.762371 
2019-7-6-3-56-27-833525,,0.000000,0.000000,0.000000,-0.062877,0.756040,0.067791,0.000803,-0.017149,0.001986,70.680603,8.477947,-50.736477,1001.608945,29.600000,95.294010,42.954102,0.761673 
2019-7-6-3-56-27-933627,,0.000000,0.000000,0.000000,-0.079618,0.753714,0.067560,0.005592,-0.010238,-0.006526,70.090355,7.860926,-50.520630,1001.608945,29.600000,95.294010,42.954102,0.760912 
2019-7-6-3-56-28-59840,,0.000000,0.000000,0.000000,-0.065213,0.752461,0.075170,0.003996,0.008385,-0.007061,71.337288,8.698719,-50.644375,1001.669531,29.620000,94.784851,43.124023,0.759013 
2019-7-6-3-56-28-283124,,0.000000,0.000000,0.000000,-0.044578,0.775187,0.074247,0.038578,-0.080995,-0.028872,71.075562,8.739541,-50.470135,1001.669531,29.620000,94.784851,43.124023,0.780010 
2019-7-6-3-56-28-444800,,0.000000,0.000000,0.000000,-0.063266,0.761050,0.069175,-0.060410,-0.088528,0.105776,70.762505,8.204854,-50.654217,1001.669531,29.620000,94.784851,43.124023,0.766802 
2019-7-6-3-56-28-566015,,0.000000,0.000000,0.000000,-0.107065,0.734209,0.052803,0.034288,0.034359,0.087145,70.490746,8.690627,-50.205620,989.470586,22.270000,197.810434,41.908203,0.743851 
2019-7-6-3-56-28-667190,,0.000000,0.000000,0.000000,-0.114268,0.717925,0.032281,-0.088630,0.478140,0.042980,71.221359,7.749017,-50.708878,989.470586,22.270000,197.810434,41.908203,0.727678 
2019-7-6-3-56-28-769832,,0.000000,0.000000,0.000000,-0.032120,0.725619,0.060643,0.091224,-0.173165,0.051494,73.827766,8.438660,-49.254406,989.470586,22.270000,197.810434,41.908203,0.728857 
2019-7-6-3-56-28-873850,,0.000000,0.000000,0.000000,-0.032509,0.722398,0.069175,-0.070536,-0.254557,0.053613,72.451096,7.692230,-48.927067,989.470586,22.270000,197.810434,41.908203,0.726431 
2019-7-6-3-56-28-974039,,0.000000,0.000000,0.000000,-0.058789,0.748345,0.041966,-0.011987,-0.176887,0.032315,71.378525,7.397320,-49.863140,989.470586,22.270000,197.810434,41.908203,0.751823 
2019-7-6-3-56-29-88627,,0.000000,0.000000,0.000000,-0.029784,0.763019,0.053726,-0.108249,-0.067704,0.050328,71.802361,7.842235,-49.339249,1001.611953,29.630000,95.268732,42.340820,0.765488 
2019-7-6-3-56-29-281592,,0.000000,0.000000,0.000000,-0.045746,0.761945,0.040813,0.005100,0.009453,-0.026291,72.715393,8.279160,-49.299019,1001.611953,29.630000,95.268732,42.340820,0.764408 
2019-7-6-3-56-29-407622,,0.000000,0.000000,0.000000,-0.074946,0.752461,0.039429,-0.037986,0.168463,-0.035858,72.070122,7.321128,-49.721291,1001.611953,29.630000,95.268732,42.340820,0.757212 
2019-7-6-3-56-29-512194,,0.000000,0.000000,0.000000,-0.019272,0.756756,0.047500,-0.006583,0.280615,0.038626,72.435150,6.999447,-50.851791,1001.611953,29.630000,95.268732,42.340820,0.758490 
2019-7-6-3-56-29-623148,,0.000000,0.000000,0.000000,-0.029589,0.749956,0.065946,-0.007649,-0.109947,-0.013521,72.285423,7.252199,-50.402069,1001.658906,29.630000,94.874141,42.958008,0.753431 
2019-7-6-3-56-29-728687,,0.000000,0.000000,0.000000,-0.042826,0.756756,0.049575,-0.015092,-0.001416,0.015751,70.969933,7.967085,-49.969410,1001.658906,29.630000,94.874141,42.958008,0.759586 
2019-7-6-3-56-29-828719,,0.000000,0.000000,0.000000,-0.061125,0.757293,0.041505,-0.032109,-0.166854,0.016285,71.329330,7.911475,-51.153919,1001.658906,29.630000,94.874141,42.958008,0.760888 
2019-7-6-3-56-29-932616,,0.000000,0.000000,0.000000,-0.072221,0.761945,0.043119,-0.015583,-0.103951,-0.026828,71.907074,8.005127,-50.346424,1001.658906,29.630000,94.874141,42.958008,0.766574 
2019-7-6-3-56-30-74236,,0.000000,0.000000,0.000000,-0.062293,0.755145,0.056262,0.013736,-0.015994,0.022127,70.588875,7.148466,-50.212193,1001.589492,29.600000,95.457498,43.593750,0.759796 
2019-7-6-3-56-30-293896,,0.000000,0.000000,0.000000,-0.032509,0.754787,0.069636,0.015328,-0.040973,-0.017256,71.069489,7.847048,-50.015827,1001.589492,29.600000,95.457498,43.593750,0.758690 
2019-7-6-3-56-30-450370,,0.000000,0.000000,0.000000,-0.051197,0.755503,0.049344,0.024903,-0.003712,-0.025188,70.356392,8.370613,-49.713055,1001.589492,29.600000,95.457498,43.593750,0.758842 
2019-7-6-3-56-30-605470,,0.000000,0.000000,0.000000,-0.058594,0.754251,0.049114,0.046692,-0.006915,-0.050164,70.754379,8.581276,-49.793030,1001.617031,29.600000,95.226055,43.145508,0.758116 
2019-7-6-3-56-30-707187,,0.000000,0.000000,0.000000,-0.051975,0.751030,0.062949,-0.018208,-0.003184,0.009958,71.004433,7.562183,-50.180401,1001.617031,29.600000,95.226055,43.145508,0.755453 
2019-7-6-3-56-30-808059,,0.000000,0.000000,0.000000,-0.054506,0.755682,0.055570,-0.002242,-0.000523,0.001975,70.361137,7.216030,-49.581429,1001.617031,29.600000,95.226055,43.145508,0.759680 
2019-7-6-3-56-30-912675,,0.000000,0.000000,0.000000,-0.056647,0.755503,0.053726,0.003613,0.001074,-0.001751,71.737495,7.894650,-48.689873,1001.617031,29.600000,95.226055,43.145508,0.759526 
2019-7-6-3-56-31-18904,,0.000000,0.000000,0.000000,-0.055479,0.755145,0.057645,0.002018,0.000542,-0.002284,73.418327,8.466772,-47.698112,1001.617031,29.600000,95.226055,43.145508,0.759372 
2019-7-6-3-56-31-119825,,0.000000,0.000000,0.000000,-0.053727,0.754251,0.063410,-0.002770,-0.001054,0.001972,72.230247,7.866329,-48.862957,1001.666523,29.580000,94.810128,43.032227,0.758816 
2019-7-6-3-56-31-292741,,0.000000,0.000000,0.000000,-0.052365,0.753535,0.053726,0.001486,0.002138,-0.000689,71.545441,7.660532,-48.615692,1001.666523,29.580000,94.810128,43.032227,0.757260 
2019-7-6-3-56-31-396416,,0.000000,0.000000,0.000000,-0.055674,0.755503,0.058568,0.000955,0.000541,-0.000689,71.672119,7.801640,-50.020718,1001.666523,29.580000,94.810128,43.032227,0.759812 
2019-7-6-3-56-31-516063,,0.000000,0.000000,0.000000,-0.053922,0.753714,0.057184,0.000423,0.001073,-0.000689,71.488884,7.587922,-49.775513,1001.666523,29.580000,94.810128,43.032227,0.757801 
2019-7-6-3-56-31-645227,,0.000000,0.000000,0.000000,-0.053143,0.753893,0.058107,0.000424,0.000541,-0.000690,70.759384,7.912663,-50.666500,1001.635625,29.550000,95.069793,42.960938,0.757994 
2019-7-6-3-56-31-753796,,0.000000,0.000000,0.000000,-0.055674,0.754072,0.056262,0.000956,0.001073,-0.001754,70.919296,8.016905,-50.188553,1001.635625,29.550000,95.069793,42.960938,0.758214 
2019-7-6-3-56-31-854381,,0.000000,0.000000,0.000000,-0.052754,0.755682,0.060643,0.000425,0.000541,0.000906,71.314003,7.568705,-50.915817,1001.635625,29.550000,95.069793,42.960938,0.759945 
2019-7-6-3-56-31-960642,,0.000000,0.000000,0.000000,-0.050029,0.752282,0.065946,-0.000106,0.000541,0.001970,70.199554,8.437654,-50.083431,1001.635625,29.550000,95.069793,42.960938,0.756823 
2019-7-6-3-56-32-66885,,0.000000,0.000000,0.000000,-0.051781,0.754251,0.066638,-0.000638,0.000541,0.000905,70.119072,7.990068,-49.962700,1001.635625,29.550000,95.069793,42.960938,0.758957 
2019-7-6-3-56-32-295957,,0.000000,0.000000,0.000000,-0.049445,0.753177,0.063179,-0.008088,-0.002651,0.006226,70.371986,8.220634,-50.034866,1001.682266,29.540000,94.677836,42.310547,0.757438 
2019-7-6-3-56-32-490088,,0.000000,0.000000,0.000000,-0.053338,0.753535,0.065946,-0.003829,-0.000523,0.003032,69.226425,7.320651,-50.730236,1001.682266,29.540000,94.677836,42.310547,0.758293 
2019-7-6-3-56-32-590563,,0.000000,0.000000,0.000000,-0.051781,0.753714,0.058798,-0.004361,-0.000523,0.001967,70.400162,7.557127,-49.666862,1001.682266,29.540000,94.677836,42.310547,0.757775 
2019-7-6-3-56-32-691116,,0.000000,0.000000,0.000000,-0.055869,0.753714,0.055340,-0.000104,0.000541,-0.000161,71.909088,7.882936,-50.416622,1001.544648,29.540000,95.834383,42.130859,0.757805 
2019-7-6-3-56-32-791416,,0.000000,0.000000,0.000000,-0.054117,0.755145,0.058337,0.000961,0.000541,-0.001225,71.540756,8.219166,-49.511761,1001.544648,29.540000,95.834383,42.130859,0.759326 
2019-7-6-3-56-32-892090,,0.000000,0.000000,0.000000,-0.055090,0.754608,0.061565,0.000961,-0.001054,-0.000161,71.856598,7.353138,-49.395855,1001.544648,29.540000,95.834383,42.130859,0.759117 
2019-7-6-3-56-32-992484,,0.000000,0.000000,0.000000,-0.052754,0.753893,0.059951,0.002025,0.001074,-0.002290,71.628662,7.296793,-50.267639,1001.544648,29.540000,95.834383,42.130859,0.758110 
2019-7-6-3-56-33-93820,,0.000000,0.000000,0.000000,-0.049639,0.754430,0.063410,-0.000103,0.000010,-0.000161,71.833374,7.808243,-49.379410,1001.544648,29.540000,95.834383,42.130859,0.758715 
2019-7-6-3-56-33-302941,,0.000000,0.000000,0.000000,-0.058983,0.754430,0.051420,0.005749,0.001073,-0.003353,72.076553,8.189985,-48.403084,1001.643242,29.500000,95.005779,42.373047,0.758477 
2019-7-6-3-56-33-404093,,0.000000,0.000000,0.000000,-0.052365,0.754966,0.052573,-0.000103,0.000541,0.000372,71.398293,7.611413,-49.020634,1001.643242,29.500000,95.005779,42.373047,0.758604 
2019-7-6-3-56-33-504382,,0.000000,0.000000,0.000000,-0.057037,0.755324,0.059951,0.005751,0.001605,-0.003353,71.664474,7.801575,-48.884441,1001.643242,29.500000,95.005779,42.373047,0.759843 
2019-7-6-3-56-33-604993,,0.000000,0.000000,0.000000,-0.045941,0.753893,0.063410,0.000963,-0.000523,-0.000693,71.245674,8.709444,-48.912113,1001.643242,29.500000,95.005779,42.373047,0.757948 
2019-7-6-3-56-33-719131,,0.000000,0.000000,0.000000,-0.053143,0.753535,0.056262,0.002558,-0.000524,-0.001756,71.177704,7.312017,-48.551476,1001.673008,29.490000,94.755635,42.406250,0.757499 
2019-7-6-3-56-33-819813,,0.000000,0.000000,0.000000,-0.056842,0.753714,0.061104,0.002026,0.000540,-0.001224,70.704712,7.631133,-49.495163,1001.673008,29.490000,94.755635,42.406250,0.758320 
2019-7-6-3-56-33-920755,,0.000000,0.000000,0.000000,-0.052754,0.753535,0.060874,-0.002231,-0.000524,0.001969,71.251671,7.697164,-49.331337,1001.673008,29.490000,94.755635,42.406250,0.757828 
2019-7-6-3-56-34-33748,,0.000000,0.000000,0.000000,-0.054895,0.755324,0.057415,-0.004360,-0.000525,0.001437,71.284492,7.648910,-50.111046,1001.673008,29.490000,94.755635,42.406250,0.759490 
2019-7-6-3-56-34-138855,,0.000000,0.000000,0.000000,-0.057037,0.753893,0.058107,-0.003828,-0.001056,0.003033,70.617836,7.812455,-50.145256,1001.673008,29.490000,94.755635,42.406250,0.758277 
2019-7-6-3-56-34-330851,,0.000000,0.000000,0.000000,-0.051975,0.756040,0.064793,-0.000102,-0.001056,0.001968,70.749489,8.092844,-50.018742,989.936602,22.420000,193.855879,42.066406,0.760589 
2019-7-6-3-56-34-511834,,0.000000,0.000000,0.000000,-0.052949,0.751745,0.057415,-0.003826,-0.000524,0.001968,70.177612,7.051630,-50.647869,989.936602,22.420000,193.855879,42.066406,0.755792 
2019-7-6-3-56-34-613247,,0.000000,0.000000,0.000000,-0.056258,0.753356,0.060643,0.000431,-0.000524,-0.000160,69.665092,7.350947,-50.082680,989.936602,22.420000,193.855879,42.066406,0.757884 
2019-7-6-3-56-34-714715,,0.000000,0.000000,0.000000,-0.051781,0.756219,0.058798,0.000431,0.001072,-0.000692,70.792130,7.792969,-50.066322,1001.632305,29.510000,95.097697,42.375000,0.760267 
2019-7-6-3-56-34-815922,,0.000000,0.000000,0.000000,-0.055479,0.754430,0.060643,0.001495,0.000541,-0.000160,70.663246,7.512088,-50.342983,1001.632305,29.510000,95.097697,42.375000,0.758894 
2019-7-6-3-56-34-916528,,0.000000,0.000000,0.000000,-0.051975,0.754430,0.061104,-0.000633,0.000009,-0.001225,71.259399,7.655530,-49.736801,1001.632305,29.510000,95.097697,42.375000,0.758682 
2019-7-6-3-56-35-17749,,0.000000,0.000000,0.000000,-0.051002,0.753356,0.061104,-0.001165,-0.001055,0.000903,70.631111,8.082729,-49.813831,1001.632305,29.510000,95.097697,42.375000,0.757549 
2019-7-6-3-56-35-118891,,0.000000,0.000000,0.000000,-0.057231,0.754251,0.063179,-0.002229,-0.000523,0.001436,70.002808,8.539870,-49.881351,1001.632305,29.510000,95.097697,42.375000,0.759053 
2019-7-6-3-56-35-338715,,0.000000,0.000000,0.000000,-0.051002,0.752461,0.057876,0.000431,0.000009,-0.001225,70.667053,8.403358,-50.698772,1001.533203,29.500000,95.930576,42.452148,0.756405 
2019-7-6-3-56-35-449687,,0.000000,0.000000,0.000000,-0.056453,0.751387,0.055801,-0.003295,0.000009,0.003033,71.805084,8.018268,-48.888470,1001.533203,29.500000,95.930576,42.452148,0.755569 
2019-7-6-3-56-35-550735,,0.000000,0.000000,0.000000,-0.054117,0.755503,0.053956,0.002026,0.000541,-0.001756,72.426620,7.755676,-48.388577,1001.533203,29.500000,95.930576,42.452148,0.759358 
2019-7-6-3-56-35-651263,,0.000000,0.000000,0.000000,-0.057231,0.754072,0.051420,0.006283,0.001073,-0.003352,72.731606,7.116114,-48.676308,1001.533203,29.500000,95.930576,42.452148,0.757986 
2019-7-6-3-56-35-752279,,0.000000,0.000000,0.000000,-0.054506,0.754966,0.059490,0.003091,0.001073,-0.002288,70.888191,7.663789,-49.365562,1001.640703,29.520000,95.027117,42.924805,0.759266 
2019-7-6-3-56-35-853362,,0.000000,0.000000,0.000000,-0.051197,0.756398,0.064102,-0.000633,-0.000523,-0.000692,70.381790,7.290251,-48.707371,1001.640703,29.520000,95.027117,42.924805,0.760834 
2019-7-6-3-56-35-961160,,0.000000,0.000000,0.000000,-0.053143,0.752103,0.058798,0.004155,0.000010,-0.003884,71.552155,7.581745,-49.185978,1001.640703,29.520000,95.027117,42.924805,0.756268 
2019-7-6-3-56-36-61531,,0.000000,0.000000,0.000000,-0.052365,0.754966,0.061104,0.002559,0.000542,-0.001224,70.946442,6.714516,-49.417019,1001.640703,29.520000,95.027117,42.924805,0.759243 
2019-7-6-3-56-36-179127,,0.000000,0.000000,0.000000,-0.054117,0.754966,0.062949,-0.003826,-0.000522,0.002501,70.749573,6.584556,-49.668793,1001.640703,29.520000,95.027117,42.924805,0.759517 
2019-7-6-3-56-36-383805,,0.000000,0.000000,0.000000,-0.053143,0.756219,0.065024,-0.003826,-0.000521,0.001969,70.555573,6.839490,-50.038757,1001.562891,29.490000,95.681067,42.328125,0.760868 
2019-7-6-3-56-36-578018,,0.000000,0.000000,0.000000,-0.052559,0.753714,0.060643,-0.000633,0.000011,-0.000693,71.323822,8.062706,-50.199306,1001.562891,29.490000,95.681067,42.328125,0.757974 
2019-7-6-3-56-36-697518,,0.000000,0.000000,0.000000,-0.056063,0.756398,0.065946,-0.002229,0.000543,0.000372,70.707054,7.725969,-50.111771,1001.562891,29.490000,95.681067,42.328125,0.761334 
2019-7-6-3-56-36-841075,,0.000000,0.000000,0.000000,-0.050613,0.746914,0.062949,0.003624,0.001076,-0.001225,70.461143,7.809913,-49.811504,1001.683984,29.480000,94.663392,42.438477,0.751269 
2019-7-6-3-56-36-949891,,0.000000,0.000000,0.000000,-0.051391,0.754430,0.067560,-0.001165,0.001076,0.000903,70.038017,7.756104,-50.963150,1001.683984,29.480000,94.663392,42.438477,0.759190 
2019-7-6-3-56-37-65192,,0.000000,0.000000,0.000000,-0.056258,0.755324,0.056262,0.008412,0.001608,-0.006014,70.867912,7.609149,-50.290668,1001.683984,29.480000,94.663392,42.438477,0.759503 
2019-7-6-3-56-37-166811,,0.000000,0.000000,0.000000,-0.054117,0.753893,0.062026,-0.001165,-0.001584,0.000903,70.649628,8.006330,-50.294632,1001.683984,29.480000,94.663392,42.438477,0.758373 
2019-7-6-3-56-37-382103,,0.000000,0.000000,0.000000,-0.052949,0.750135,0.067560,-0.000632,-0.000519,0.001434,70.240791,7.888323,-50.039478,1001.683984,29.480000,94.663392,42.438477,0.755030 
2019-7-6-3-56-37-570393,,0.000000,0.000000,0.000000,-0.048277,0.749777,0.063641,-0.001163,0.000013,0.000902,70.627350,7.096421,-49.744377,1001.592969,29.470000,95.428280,42.426758,0.754020 
2019-7-6-3-56-37-670421,,0.000000,0.000000,0.000000,-0.047693,0.758903,0.058798,0.010010,-0.002115,-0.002823,71.977119,7.596180,-47.759224,1001.592969,29.470000,95.428280,42.426758,0.762670 
2019-7-6-3-56-37-775640,,0.000000,0.000000,0.000000,-0.058983,0.753356,0.060643,0.002028,0.003737,-0.001759,71.426575,7.940017,-47.088707,1001.592969,29.470000,95.428280,42.426758,0.758091 
2019-7-6-3-56-37-877903,,0.000000,0.000000,0.000000,-0.054311,0.754430,0.062949,0.000432,0.000013,0.000902,71.454140,8.267665,-48.250462,1001.592969,29.470000,95.428280,42.426758,0.758997 
2019-7-6-3-56-37-978633,,0.000000,0.000000,0.000000,-0.046525,0.754072,0.064102,0.003625,0.000013,-0.001227,70.491829,8.327651,-49.252174,1001.592969,29.470000,95.428280,42.426758,0.758220 
2019-7-6-3-56-38-88923,,0.000000,0.000000,0.000000,-0.056647,0.750493,0.060874,0.006285,0.002140,-0.003355,71.287338,7.973925,-49.199284,1001.645469,29.490000,94.987067,42.451172,0.755085 
2019-7-6-3-56-38-189438,,0.000000,0.000000,0.000000,-0.051391,0.755861,0.055109,0.005221,0.001076,-0.002292,71.428146,9.204621,-49.831341,1001.645469,29.490000,94.987067,42.451172,0.759608 
2019-7-6-3-56-38-292131,,0.000000,0.000000,0.000000,-0.057815,0.755682,0.064563,-0.007549,-0.001052,0.002497,72.153030,8.449016,-49.695751,1001.645469,29.490000,94.987067,42.451172,0.760636 
2019-7-6-3-56-38-392915,,0.000000,0.000000,0.000000,-0.049639,0.753356,0.062488,-0.000631,0.000013,-0.000696,71.442711,7.892642,-49.862415,1001.645469,29.490000,94.987067,42.451172,0.757571 
2019-7-6-3-56-38-493305,,0.000000,0.000000,0.000000,-0.053533,0.753893,0.059029,0.005221,0.001077,-0.002824,70.506287,8.702467,-49.649063,1001.645469,29.490000,94.987067,42.451172,0.758093 
2019-7-6-3-56-38-615815,,0.000000,0.000000,0.000000,-0.059178,0.756935,0.058107,-0.001165,0.000544,-0.000695,70.416016,7.627604,-49.461773,1001.626406,29.490000,95.147268,41.902344,0.761465 
2019-7-6-3-56-38-723364,,0.000000,0.000000,0.000000,-0.055090,0.754608,0.053726,0.002560,0.000544,-0.001760,70.760666,8.181666,-48.649982,1001.626406,29.490000,95.147268,41.902344,0.758522 
2019-7-6-3-56-38-824474,,0.000000,0.000000,0.000000,-0.052754,0.755145,0.057645,-0.001164,-0.002117,0.000900,71.261864,8.167103,-49.504925,1001.626406,29.490000,95.147268,41.902344,0.759177 
2019-7-6-3-56-38-925088,,0.000000,0.000000,0.000000,-0.052754,0.753714,0.059260,0.001496,0.000545,0.000368,71.428658,7.782623,-49.343143,1001.626406,29.490000,95.147268,41.902344,0.757878 
2019-7-6-3-56-39-25412,,0.000000,0.000000,0.000000,-0.054701,0.754251,0.059029,-0.000100,-0.000520,-0.000164,71.409393,7.554101,-49.286419,1001.626406,29.490000,95.147268,41.902344,0.758532 
2019-7-6-3-56-39-129616,,0.000000,0.000000,0.000000,-0.054506,0.754608,0.058568,0.002029,0.000012,-0.000697,71.671524,8.370164,-49.342094,1001.676367,29.520000,94.727404,42.431641,0.758838 
2019-7-6-3-56-39-234039,,0.000000,0.000000,0.000000,-0.050418,0.753714,0.058568,-0.000631,-0.001584,0.000900,71.520355,7.939811,-49.236309,1001.676367,29.520000,94.727404,42.431641,0.757665 
2019-7-6-3-56-39-380167,,0.000000,0.000000,0.000000,-0.051975,0.755682,0.062949,-0.001696,0.000013,0.001432,70.529091,7.987967,-49.501602,1001.676367,29.520000,94.727404,42.431641,0.760079 
2019-7-6-3-56-39-480224,,0.000000,0.000000,0.000000,-0.053143,0.754966,0.060874,0.000965,0.001077,-0.000696,71.407951,7.475761,-50.417992,1001.676367,29.520000,94.727404,42.431641,0.759279 
2019-7-6-3-56-39-586233,,0.000000,0.000000,0.000000,-0.051781,0.755324,0.062949,-0.000099,-0.000520,0.000367,69.876099,7.520258,-50.472935,1001.676367,29.520000,94.727404,42.431641,0.759709 
2019-7-6-3-56-39-703187,,0.000000,0.000000,0.000000,-0.052754,0.754966,0.061335,-0.001164,-0.000520,-0.000165,70.040276,7.840738,-50.314487,1001.583125,29.530000,95.511010,42.601562,0.759289 
2019-7-6-3-56-39-827521,,0.000000,0.000000,0.000000,-0.053727,0.753535,0.065946,-0.000099,-0.001052,0.000367,70.457039,7.476754,-50.968323,1001.583125,29.530000,95.511010,42.601562,0.758321 
2019-7-6-3-56-39-929174,,0.000000,0.000000,0.000000,-0.054311,0.753893,0.065485,-0.001696,0.000545,0.000367,70.294205,8.204814,-50.420502,1001.583125,29.530000,95.511010,42.601562,0.758678 
2019-7-6-3-56-40-36541,,0.000000,0.000000,0.000000,-0.056063,0.755503,0.068022,-0.000100,-0.000520,0.001431,72.174461,8.275112,-47.462254,1001.583125,29.530000,95.511010,42.601562,0.760628 
2019-7-6-3-56-40-149310,,0.000000,0.000000,0.000000,-0.053143,0.753356,0.059721,0.000963,0.000012,-0.001762,72.044586,7.899858,-47.520111,1001.682266,29.540000,94.677836,43.644531,0.757586 
2019-7-6-3-56-40-294219,,0.000000,0.000000,0.000000,-0.052949,0.753535,0.059029,-0.000633,-0.000520,0.001430,71.676575,8.015141,-49.556927,1001.682266,29.540000,94.677836,43.644531,0.757696 
2019-7-6-3-56-40-395311,,0.000000,0.000000,0.000000,-0.050029,0.754072,0.069175,-0.002228,-0.001051,0.001430,71.487328,7.208816,-49.719715,1001.682266,29.540000,94.677836,43.644531,0.758889 
2019-7-6-3-56-40-496402,,0.000000,0.000000,0.000000,-0.054311,0.752103,0.055340,-0.005956,-0.002647,0.004623,70.295998,7.692933,-49.221886,1001.682266,29.540000,94.677836,43.644531,0.756090 
2019-7-6-3-56-40-603768,,0.000000,0.000000,0.000000,-0.053922,0.755324,0.062718,-0.005424,-0.000518,0.003559,70.954163,8.058548,-50.276104,1001.682266,29.540000,94.677836,43.644531,0.759839 
2019-7-6-3-56-40-727309,,0.000000,0.000000,0.000000,-0.054311,0.753714,0.054187,-0.004892,-0.001050,0.002495,70.584488,7.660847,-50.209972,1001.608125,29.550000,95.300904,42.994141,0.757608 
2019-7-6-3-56-40-832289,,0.000000,0.000000,0.000000,-0.057621,0.755324,0.050497,0.001493,0.000013,-0.000165,70.880608,7.390684,-50.449177,1001.608125,29.550000,95.300904,42.994141,0.759200 
2019-7-6-3-56-40-940902,,0.000000,0.000000,0.000000,-0.058594,0.753893,0.053956,0.004154,0.001610,-0.003890,70.482666,8.676878,-50.768906,1001.608125,29.550000,95.300904,42.994141,0.758089 
2019-7-6-3-56-41-62203,,0.000000,0.000000,0.000000,-0.055090,0.754430,0.056954,0.003091,0.001610,-0.000698,70.945442,8.308270,-49.559101,1001.608125,29.550000,95.300904,42.994141,0.758579 
2019-7-6-3-56-41-193116,,0.000000,0.000000,0.000000,-0.051781,0.752461,0.056954,0.002027,0.000545,0.000366,70.488884,8.385154,-50.068729,1000.991445,29.180000,100.484850,42.724609,0.756388 
2019-7-6-3-56-41-304192,,0.000000,0.000000,0.000000,-0.057231,0.756577,0.060643,-0.001165,-0.001051,-0.000166,71.004524,7.874641,-50.497639,1000.991445,29.180000,100.484850,42.724609,0.761158 
2019-7-6-3-56-41-422299,,0.000000,0.000000,0.000000,-0.054117,0.754072,0.059029,-0.002760,-0.002115,0.000366,71.028435,7.512414,-50.473206,1000.991445,29.180000,100.484850,42.724609,0.758312 
2019-7-6-3-56-41-529303,,0.000000,0.000000,0.000000,-0.054506,0.756935,0.061565,-0.000100,0.000014,-0.000698,70.206276,7.803937,-50.657845,1000.991445,29.180000,100.484850,42.724609,0.761388 
2019-7-6-3-56-41-629645,,0.000000,0.000000,0.000000,-0.051002,0.757114,0.064563,0.000432,-0.000518,0.000366,70.511391,8.951471,-50.003475,1000.991445,29.180000,100.484850,42.724609,0.761571 
2019-7-6-3-56-41-731517,,0.000000,0.000000,0.000000,-0.050418,0.756040,0.069405,-0.004356,-0.000518,0.003026,71.346146,7.626999,-49.537971,1001.649648,29.570000,94.951942,43.333984,0.760891 
2019-7-6-3-56-41-838644,,0.000000,0.000000,0.000000,-0.052365,0.752461,0.061565,-0.003292,-0.001583,0.001430,70.879944,7.669542,-48.813835,1001.649648,29.570000,94.951942,43.333984,0.756789 
2019-7-6-3-56-41-938891,,0.000000,0.000000,0.000000,-0.053533,0.748703,0.059490,-0.004356,-0.000519,0.003026,70.894943,7.587197,-48.990696,1001.649648,29.570000,94.951942,43.333984,0.752968 
2019-7-6-3-56-42-39042,,0.000000,0.000000,0.000000,-0.052754,0.755324,0.059951,0.000433,-0.000518,-0.000699,70.733322,7.997440,-49.171570,1001.649648,29.570000,94.951942,43.333984,0.759534 
2019-7-6-3-56-42-140005,,0.000000,0.000000,0.000000,-0.050807,0.754787,0.060874,0.002029,-0.000517,-0.001764,71.832047,7.722637,-48.469933,1001.649648,29.570000,94.951942,43.333984,0.758941 
2019-7-6-3-56-42-244396,,0.000000,0.000000,0.000000,-0.051975,0.756756,0.064102,-0.002227,0.000547,0.001961,72.430908,7.781416,-47.340580,1001.619570,29.590000,95.204717,42.224609,0.761242 
2019-7-6-3-56-42-355951,,0.000000,0.000000,0.000000,-0.051586,0.753177,0.063871,-0.002759,-0.001050,0.002493,71.688087,7.199553,-48.245544,1001.619570,29.590000,95.204717,42.224609,0.757638 
2019-7-6-3-56-42-458303,,0.000000,0.000000,0.000000,-0.051586,0.754251,0.058337,0.003093,0.001079,-0.001764,70.489891,7.418683,-49.258663,1001.619570,29.590000,95.204717,42.224609,0.758260 
2019-7-6-3-56-42-560378,,0.000000,0.000000,0.000000,-0.055090,0.757829,0.063641,-0.003291,0.000014,0.001961,71.250183,6.555878,-48.845608,1001.619570,29.590000,95.204717,42.224609,0.762490 
2019-7-6-3-56-42-661414,,0.000000,0.000000,0.000000,-0.051586,0.754072,0.063179,-0.002759,-0.000517,0.001429,71.824951,7.668879,-49.133732,1001.619570,29.590000,95.204717,42.224609,0.758470 
2019-7-6-3-56-42-762732,,0.000000,0.000000,0.000000,-0.053922,0.754608,0.062949,0.002031,0.000015,-0.000700,71.612930,8.144692,-49.598766,1001.608945,29.600000,95.294010,42.371094,0.759147 
2019-7-6-3-56-42-863114,,0.000000,0.000000,0.000000,-0.049834,0.753714,0.066869,-0.001694,-0.001049,0.000896,71.362061,7.515328,-49.190685,1001.608945,29.600000,95.294010,42.371094,0.758313 
2019-7-6-3-56-42-963809,,0.000000,0.000000,0.000000,-0.056647,0.754966,0.056262,0.000433,-0.000517,0.001429,70.838280,8.240573,-48.655514,1001.608945,29.600000,95.294010,42.371094,0.759176 
2019-7-6-3-56-43-64088,,0.000000,0.000000,0.000000,-0.056842,0.755861,0.057876,-0.004888,-0.001049,0.002493,70.963936,7.473192,-48.912376,1001.608945,29.600000,95.294010,42.371094,0.760202 
2019-7-6-3-56-43-164116,,0.000000,0.000000,0.000000,-0.050418,0.753177,0.059260,0.009480,0.002144,-0.005489,72.107986,6.656348,-48.937775,1001.608945,29.600000,95.294010,42.371094,0.757185 
2019-7-6-3-56-43-308418,,0.000000,0.000000,0.000000,-0.055479,0.755861,0.065255,-0.004354,0.000547,0.001961,72.072624,6.451779,-50.579689,1001.133672,29.310000,99.289033,42.815430,0.760698 
2019-7-6-3-56-43-409846,,0.000000,0.000000,0.000000,-0.055674,0.747451,0.058107,0.003094,-0.001048,-0.002296,70.183662,7.091840,-50.581142,1001.133672,29.310000,99.289033,42.815430,0.751770 
2019-7-6-3-56-43-529069,,0.000000,0.000000,0.000000,-0.057037,0.763198,0.058107,-0.002759,0.000016,0.001429,70.747681,7.783680,-49.407673,1001.133672,29.310000,99.289033,42.815430,0.767529 
2019-7-6-3-56-43-629906,,0.000000,0.000000,0.000000,-0.051781,0.759977,0.060412,0.002563,0.000016,-0.002829,70.684464,7.678075,-50.207699,1001.133672,29.310000,99.289033,42.815430,0.764131 
2019-7-6-3-56-43-767911,,0.000000,0.000000,0.000000,-0.054701,0.754787,0.059951,-0.001694,-0.000516,0.000365,70.404022,8.008804,-49.980545,1001.586953,29.620000,95.478837,43.090820,0.759138 
2019-7-6-3-56-43-868439,,0.000000,0.000000,0.000000,-0.053727,0.754430,0.065024,-0.001694,0.000016,-0.000167,70.564445,7.812747,-50.463848,1001.586953,29.620000,95.478837,43.090820,0.759130 
2019-7-6-3-56-43-968824,,0.000000,0.000000,0.000000,-0.051975,0.753535,0.063871,-0.001161,0.000548,0.001430,70.883148,6.575819,-50.038589,1001.586953,29.620000,95.478837,43.090820,0.758021 
2019-7-6-3-56-44-69907,,0.000000,0.000000,0.000000,-0.051975,0.752819,0.066177,-0.002757,0.000016,0.001961,70.132469,6.072647,-49.788200,1001.586953,29.620000,95.478837,43.090820,0.757507 
2019-7-6-3-56-44-170277,,0.000000,0.000000,0.000000,-0.056258,0.755503,0.058337,0.002563,0.001612,-0.001763,70.388977,7.279798,-49.313046,1001.586953,29.620000,95.478837,43.090820,0.759838 
2019-7-6-3-56-44-328732,,0.000000,0.000000,0.000000,-0.051975,0.755145,0.057876,0.001500,0.000548,-0.000699,70.715454,8.330120,-50.035656,1001.639453,29.630000,95.037622,42.643555,0.759141 
2019-7-6-3-56-44-429171,,0.000000,0.000000,0.000000,-0.049445,0.753714,0.061335,-0.001691,0.000016,-0.000167,72.163528,7.491821,-47.721622,1001.639453,29.630000,95.037622,42.643555,0.757820 
2019-7-6-3-56-44-529581,,0.000000,0.000000,0.000000,-0.053338,0.754787,0.062026,-0.001692,-0.000516,0.000898,72.833199,7.630189,-47.218361,1001.639453,29.630000,95.037622,42.643555,0.759208 
2019-7-6-3-56-44-629956,,0.000000,0.000000,0.000000,-0.053922,0.754608,0.060412,0.000437,0.000016,-0.000698,72.161011,8.668414,-48.870167,1001.639453,29.630000,95.037622,42.643555,0.758941 
2019-7-6-3-56-44-730798,,0.000000,0.000000,0.000000,-0.054311,0.756219,0.064102,0.000437,-0.000516,0.000898,72.008316,7.745875,-48.592720,1001.639453,29.630000,95.037622,42.643555,0.760872 
2019-7-6-3-56-44-831248,,0.000000,0.000000,0.000000,-0.054506,0.755503,0.060874,-0.002756,-0.001048,0.001430,70.913597,7.589993,-49.071636,1001.610039,29.650000,95.284818,43.004883,0.759909 
2019-7-6-3-56-44-932249,,0.000000,0.000000,0.000000,-0.049834,0.759082,0.061335,-0.003288,-0.000515,0.002494,71.015923,7.459354,-49.263073,1001.610039,29.650000,95.284818,43.004883,0.763185 
2019-7-6-3-56-45-42587,,0.000000,0.000000,0.000000,-0.057231,0.756040,0.060874,-0.001691,-0.000515,0.001962,71.304222,8.075989,-49.226772,1001.610039,29.650000,95.284818,43.004883,0.760643 
2019-7-6-3-56-45-149024,,0.000000,0.000000,0.000000,-0.052170,0.753177,0.062718,-0.000626,0.001081,-0.000167,70.697235,8.003923,-49.924877,1001.610039,29.650000,95.284818,43.004883,0.757582 
2019-7-6-3-56-45-249438,,0.000000,0.000000,0.000000,-0.051975,0.754430,0.066177,-0.000094,-0.001047,0.000365,69.785690,8.273763,-50.082062,1001.610039,29.650000,95.284818,43.004883,0.759108 
2019-7-6-3-56-45-349630,,0.000000,0.000000,0.000000,-0.053143,0.754251,0.055340,0.000970,-0.000515,-0.000699,70.013474,8.415742,-50.274986,1001.601289,29.640000,95.358355,43.059570,0.758143 
2019-7-6-3-56-45-449899,,0.000000,0.000000,0.000000,-0.053922,0.755682,0.061565,-0.001158,-0.000514,0.000365,70.302795,8.094337,-50.949875,1001.601289,29.640000,95.358355,43.059570,0.760101 
2019-7-6-3-56-45-555994,,0.000000,0.000000,0.000000,-0.051391,0.754251,0.062026,-0.002222,0.000018,-0.000167,70.689819,7.269589,-50.383266,1001.601289,29.640000,95.358355,43.059570,0.758540 
2019-7-6-3-56-45-674747,,0.000000,0.000000,0.000000,-0.052170,0.753893,0.065716,-0.000626,0.000017,-0.000166,70.244034,7.094018,-50.334000,1001.601289,29.640000,95.358355,43.059570,0.758548 
2019-7-6-3-56-45-775298,,0.000000,0.000000,0.000000,-0.054701,0.753893,0.059721,-0.000626,0.000549,-0.000166,70.622887,7.311344,-50.383595,1001.601289,29.640000,95.358355,43.059570,0.758230 
2019-7-6-3-56-45-879190,,0.000000,0.000000,0.000000,-0.055090,0.752819,0.059490,0.000971,0.000549,0.000898,71.180511,6.933783,-50.101891,1001.651562,29.670000,94.935857,42.648438,0.757173 
2019-7-6-3-56-45-990608,,0.000000,0.000000,0.000000,-0.054117,0.753893,0.060874,0.001503,0.000549,-0.000166,70.543098,7.396778,-50.425083,1001.651562,29.670000,94.935857,42.648438,0.758280 
2019-7-6-3-56-46-94769,,0.000000,0.000000,0.000000,-0.054311,0.754072,0.059490,0.000439,0.001080,-0.000166,70.449959,7.479674,-49.777668,1001.651562,29.670000,94.935857,42.648438,0.758362 
2019-7-6-3-56-46-196153,,0.000000,0.000000,0.000000,-0.051975,0.754251,0.062949,-0.000092,0.000016,0.000366,70.507744,7.212080,-50.130672,1001.651562,29.670000,94.935857,42.648438,0.758655 
2019-7-6-3-56-46-378218,,0.000000,0.000000,0.000000,-0.054117,0.755145,0.064102,-0.001156,0.000548,-0.000166,70.500053,6.832493,-49.831085,1001.643125,29.670000,95.006764,43.129883,0.759791 
2019-7-6-3-56-46-478316,,0.000000,0.000000,0.000000,-0.052559,0.753893,0.059490,0.000441,-0.001048,-0.000166,70.870415,8.635410,-50.665760,1001.643125,29.670000,95.006764,43.129883,0.758060 
2019-7-6-3-56-46-599076,,0.000000,0.000000,0.000000,-0.053338,0.755324,0.061335,-0.001687,0.000016,0.000366,70.975464,8.065683,-50.175339,1001.643125,29.670000,95.006764,43.129883,0.759685 
2019-7-6-3-56-46-699837,,0.000000,0.000000,0.000000,-0.054506,0.755861,0.059951,-0.000090,0.000016,-0.000165,71.646790,7.328339,-49.526257,1001.643125,29.670000,95.006764,43.129883,0.760191 
2019-7-6-3-56-46-800849,,0.000000,0.000000,0.000000,-0.052559,0.753356,0.060412,0.002038,0.001080,-0.000697,72.750008,7.639925,-47.148655,1001.643125,29.670000,95.006764,43.129883,0.757600 
2019-7-6-3-56-46-902738,,0.000000,0.000000,0.000000,-0.052365,0.754787,0.057876,0.000974,0.000548,-0.000698,71.808762,8.719341,-48.744110,1001.676563,29.690000,94.725763,42.413086,0.758812 
2019-7-6-3-56-47-3305,,0.000000,0.000000,0.000000,-0.052949,0.753893,0.059260,-0.000089,0.000016,-0.000698,70.969673,7.752925,-49.539040,1001.676563,29.690000,94.725763,42.413086,0.758070 
2019-7-6-3-56-47-103735,,0.000000,0.000000,0.000000,-0.053533,0.755324,0.059029,-0.000621,-0.000516,0.000366,71.529991,7.730408,-49.734219,1001.676563,29.690000,94.725763,42.413086,0.759516 
2019-7-6-3-56-47-204155,,0.000000,0.000000,0.000000,-0.052949,0.754251,0.058568,0.001507,0.001612,0.000366,71.821915,8.443630,-49.544804,1001.676563,29.690000,94.725763,42.413086,0.758372 
2019-7-6-3-56-47-304999,,0.000000,0.000000,0.000000,-0.052170,0.753535,0.056723,-0.000089,-0.000516,-0.000167,71.568367,8.823093,-49.392403,1001.676563,29.690000,94.725763,42.413086,0.757465 
2019-7-6-3-56-47-475624,,0.000000,0.000000,0.000000,-0.009928,0.740651,-0.040995,0.845438,0.901415,1.276903,72.323814,7.319064,-52.415108,1001.638047,29.700000,95.049440,43.076172,0.741851 
2019-7-6-3-56-47-576677,,0.000000,0.000000,0.000000,0.105769,0.704504,-0.053238,1.064136,1.232921,-0.172571,76.227730,4.099092,-53.266960,1001.638047,29.700000,95.049440,43.076172,0.714386 
2019-7-6-3-56-47-679377,,0.000000,0.000000,0.000000,0.112702,0.716851,-0.032091,-0.120879,0.086751,0.117430,79.104080,3.885985,-56.856663,1001.638047,29.700000,95.049440,43.076172,0.726366 
2019-7-6-3-56-47-785396,,0.000000,0.000000,0.000000,0.097224,0.753356,-0.058432,0.308524,-0.070747,-0.226302,80.763344,3.137376,-58.005230,1001.638047,29.700000,95.049440,43.076172,0.761848 
2019-7-6-3-56-47-885866,,0.000000,0.000000,0.000000,0.107220,0.743335,-0.042850,-0.108082,0.024493,0.066874,80.415741,3.213760,-57.655586,1001.646484,29.700000,94.978532,42.470703,0.752249 
2019-7-6-3-56-47-986154,,0.000000,0.000000,0.000000,0.104318,0.742440,-0.045262,0.055306,-0.017553,-0.034781,80.815773,3.398730,-58.236683,1001.646484,29.700000,94.978532,42.470703,0.751098 
2019-7-6-3-56-48-87185,,0.000000,0.000000,0.000000,0.093193,0.748882,-0.050827,-0.060185,0.004272,0.019516,80.187920,3.435566,-58.445114,1001.646484,29.700000,94.978532,42.470703,0.756368 
2019-7-6-3-56-48-193753,,0.000000,0.000000,0.000000,0.092548,0.744051,-0.065667,0.031337,-0.004775,-0.008686,80.671982,3.308164,-57.985912,1001.646484,29.700000,94.978532,42.470703,0.752654 
2019-7-6-3-56-48-294104,,0.000000,0.000000,0.000000,0.098030,0.743872,-0.050456,0.012190,-0.004776,-0.004433,80.657692,3.898149,-57.212578,1001.646484,29.700000,94.978532,42.470703,0.751998 
2019-7-6-3-56-48-403869,,0.000000,0.000000,0.000000,0.098191,0.743156,-0.054908,-0.010160,-0.001051,0.004613,81.072083,3.949523,-58.441936,1001.654922,29.710000,94.907625,43.166992,0.751623 
2019-7-6-3-56-48-509601,,0.000000,0.000000,0.000000,0.116733,0.736356,-0.022631,0.181401,-0.065970,-0.072011,79.588570,3.657730,-51.296539,1001.654922,29.710000,94.907625,43.166992,0.745895 
2019-7-6-3-56-48-615280,,0.000000,0.000000,0.000000,0.107220,0.731525,-0.024300,-0.047915,-0.000518,0.020045,78.075539,3.226448,-51.480858,1001.654922,29.710000,94.907625,43.166992,0.739740 
2019-7-6-3-56-48-715624,,0.000000,0.000000,0.000000,0.094483,0.751387,-0.046189,0.005819,0.001077,0.000891,78.194092,3.237935,-50.824780,1001.654922,29.710000,94.907625,43.166992,0.758712 
2019-7-6-3-56-48-816870,,0.000000,0.000000,0.000000,0.100771,0.746198,-0.051012,0.047327,-0.002648,-0.014542,78.110825,2.705990,-51.029469,1001.654922,29.710000,94.907625,43.166992,0.754698 
2019-7-6-3-56-48-922796,,0.000000,0.000000,0.000000,0.098030,0.747272,-0.048415,0.048926,-0.004778,-0.014011,79.984116,3.121590,-48.798637,1001.578164,29.730000,95.552703,42.237305,0.755228 
2019-7-6-3-56-49-29930,,0.000000,0.000000,0.000000,0.097868,0.749598,-0.037285,0.032969,-0.002118,-0.010820,80.296204,3.067922,-48.813606,1001.578164,29.730000,95.552703,42.237305,0.756879 
2019-7-6-3-56-49-130622,,0.000000,0.000000,0.000000,0.103673,0.742440,-0.033204,-0.000549,0.000542,0.000884,79.561241,3.616052,-49.406410,1001.578164,29.730000,95.552703,42.237305,0.750379 
2019-7-6-3-56-49-231413,,0.000000,0.000000,0.000000,0.105124,0.744588,-0.033204,-0.019705,0.001074,0.006737,79.575325,3.663080,-49.726009,1001.578164,29.730000,95.552703,42.237305,0.752705 
2019-7-6-3-56-49-332381,,0.000000,0.000000,0.000000,0.101738,0.747809,-0.035059,-0.028752,0.001074,0.009930,78.940979,3.640142,-50.062466,1001.578164,29.730000,95.552703,42.237305,0.755511 
2019-7-6-3-56-49-433499,,0.000000,0.000000,0.000000,0.106736,0.737430,-0.029309,-0.006927,0.000541,0.001946,79.027710,3.219141,-49.998550,1001.649805,29.740000,94.950629,42.945312,0.745691 
2019-7-6-3-56-49-534131,,0.000000,0.000000,0.000000,0.101093,0.745303,-0.042479,0.017541,-0.001055,-0.003905,79.239365,3.924749,-50.044029,1001.649805,29.740000,94.950629,42.945312,0.753327 
2019-7-6-3-56-49-636071,,0.000000,0.000000,0.000000,0.097062,0.745661,-0.036729,0.013288,0.001073,-0.004970,78.360130,3.060297,-51.297348,1001.649805,29.740000,94.950629,42.945312,0.752848 
2019-7-6-3-56-49-754587,,0.000000,0.000000,0.000000,0.106091,0.740293,-0.032648,0.001053,0.000009,-0.000715,79.037079,3.418066,-51.093105,1001.649805,29.740000,94.950629,42.945312,0.748569 
2019-7-6-3-56-49-859724,,0.000000,0.000000,0.000000,0.102061,0.743156,-0.035430,-0.005334,0.000009,0.001946,78.620750,2.903311,-51.306171,1001.649805,29.740000,94.950629,42.945312,0.750968 
2019-7-6-3-56-49-971830,,0.000000,0.000000,0.000000,0.098997,0.745303,-0.033761,-0.018106,0.000541,0.004075,78.250702,3.440778,-51.031734,1001.638828,29.750000,95.042875,43.058594,0.752607 
2019-7-6-3-56-50-78498,,0.000000,0.000000,0.000000,0.103673,0.742977,-0.038769,-0.004271,0.000541,0.001946,77.379669,3.125825,-50.083248,1001.638828,29.750000,95.042875,43.058594,0.751176 
2019-7-6-3-56-50-209991,,0.000000,0.000000,0.000000,0.101899,0.743335,-0.040810,0.005307,0.000009,-0.001779,77.561584,2.873905,-50.474072,1001.638828,29.750000,95.042875,43.058594,0.751396 
